{"cameraMode":{"drawMode":0,"name":"Shaded","section":"Shading Mode"},"sceneLighting":false,"audioPlay":false,"sceneViewState":{"showFog":false,"showMaterialUpdate":false,"showSkybox":false,"showFlares":false,"showImageEffects":false,"showParticleSystems":false},"in2DMode":false,"pivot":{"x":23.38883399963379,"y":-6.246418476104736,"z":9.799503326416016},"rotation":{"x":-0.019732940942049028,"y":0.9729539155960083,"z":0.09502772986888886,"w":0.21028979122638703},"size":35.78746032714844,"orthographic":false}