{"cameraMode":{"drawMode":0,"name":"Shaded","section":"Shading Mode"},"sceneLighting":false,"audioPlay":false,"sceneViewState":{"showFog":false,"showMaterialUpdate":false,"showSkybox":false,"showFlares":false,"showImageEffects":false,"showParticleSystems":false},"in2DMode":false,"pivot":{"x":18.716293334960939,"y":3.615900754928589,"z":-7.926609992980957},"rotation":{"x":0.13322089612483979,"y":-0.6431872844696045,"z":0.11561891436576843,"w":0.7452205419540405},"size":10.958517074584961,"orthographic":false}